sentiment,text
1,rebolativa cara n o conformo quer saber aquele q acredita nas provas devia em breve ter um familiar nessa mesma condi o para se fuder e entender o q ser condenado sem querer prova lulalivresim
1,check out albaitil ashwai performing majma albahrain track on the show a detmazzika on nogoumfm during their summer tour last july in egypt
1,winter weather has arrived dress warmly jacket gloves scarf and hat prepare with clothing and get your flu shot for more information about uhcs flu clinics today pm pm visit uhcs getyourflushot staywarm coldweatherhasarrived
1,identity and access management is causing headaches in cloud security learn why businesses are struggling to get a grip on it via comp news
1,no sorry to say women go to work with the flu look after kids clean the house men sneeze and they take to there bed for a week
1,the yummiest remedy for flu season and chilly mornings turmeric ginger latte turmericlatte turmeric turmericginger healthy staystrong staypositive staywoke
1,h pompili if graham biker kitchener sxlxp if both lose we all win
1,the chaffey college student health services provides flu shots to students the cost of and your student i d are the only things needed to receive your flu shot for more information contact the rancho campus at or the chino campus at chaffeynow
1,calma cebola a faixa dobrou e escondeu uma parte vice brasileiro obriga o sen o acaba a zoeira do cheirinho que eles adoram
1,and post headache brain is like walking onto a vaguely familiar stage but realizing you have lines you haven t memorized and the play is today
1,i m sure others have pointed this out it doesn t eliminate your embarrassment but it is cold flu season she might be coming down with something dying to know how she reacts when you show up
1,i love that you re doing content for the old world aka warhammer fantasy battle age of sigmar s cosmology gives me a headache but hey they can trademark orruk but not orc
1,did you know it takes about two weeks after you get vaccinated for your body to develop the antibodies needed to protect against the flu virus don t wait members can get a no cost flu shot at our facilities across metro atlanta and no bekp
1,deel het met je vrienden christelijke almachtige god god hallelujah muzikale documentaire
1,cold flu medicine manufacturers keep having equal quantities of daytime nighttime pills in the boxes am i supposed to wake up to take more night time pills
1,jerry ebola congo migrant explosive vomiting blood migrant with ebola migrantcaravan caravan
1,if of the population is vaccinated against the flu and of people who die from the flu are unvaccinated what is the efficacy of the vaccine in preventing death
0,iamanita d maga kel wellman isabella def army i love that liberals the lunatic fringe call us the lunatic fringe to explain why president trump always draws or patriots to his rallies
0,notice how he has to keep looking down at the notes written for him do you ever see trump refer to actual written notes in any of his speeches most of what comes out of his mouth is impromptu verbal diarrhea this one is totally lacking in sincerity
1,eu amo tenho uma toalha dessas que tima pra carregar em viagem e pro treino quando vou tomar banho na academia seca r pido e f cil de levar
1,hahaha ok i get a headache scrolling thru this blog specifically for ppl who hate yoi but this is one of many comments how yoi isn t good lgbt rep
1,i think is just a virus w the change of weather it has been very windy lately and a lot of people have got the flu so it might be that i dont think i have iron deficiency bc my country s cuisine is based mostly on beans and i have that times a day jdjsj but thank u
1,globalhealth experts warn the ebola epidemic in drcongo could soon worsen outbreak infectiousdisease
1,i realized that i had never published the characters there they are d they gave us so many headaches but it was worth it art characterdesign character oc design artwork instaart dragonframe artistsoninstagram stopmotion myart handmade shortflim nivekarts
1,why was a forgotten pandemic register now for our event to learn more about the deadly flu that swept the world and find out how we can prepare for the next one microbialthreats
1,nilg n marmara ya ait bir c mle zannediyordum o ilk al nt y bana i ek g ndermeyin benim kendi i eklerim var eklinde yanl biliyormusum
1,heavy is the head that wears the crown especially when shreddz danni deeds jade scarlett black michael more and slave the homicidal maniac are all giving me a headache at the same damn time this friday night november big west
1,everyone knock knock me whos there everyone brexit me fuck off with your brexit it s just latest panic that will plunge us all into turmoil terror and death then fade away like bird flu or ebola then come back fuck off again
1,looks at old js code this callback this function bind this this this bind this thisthisthisthisthis this is giving me a headache
1,why is it that when not feeling well or down with flu it s not easy to drink coffee body craves tea same thing when menstruating body prefers soothing warm tea not acidic coffee
1,would rather pay for the flu jab than every time for inhalers just so i can have the flu jab for free not worth it mate it s really not
1,ana kkkkkkkkkkkkkkkkkkkk ai se grt
1,i saw a post on facebook about a little girl with measles how are you gonna let your kids die of a very easily preventable disease it should be illegal to not vaccinate
1,ii cban t flu
0,nas radio vasa omiljena muzika hitovi klikni slusaj uzivaj dobrodosli our radio your favourite music hits click listen enjoy welcome
1,so i ve taken advil hour aspirin thing delayed mini aspirin things for this fucking headache or whatever this shit is man it s not working i dont care if my stomach bleeds later just make it stop aaaaaaaaaaaaaaaaaaaaaaaaaaaaaaaaaaaaaaaaaaaaaa
1,er with my middle i don t believe in luck but i wore my hoodie and shirt i got the night i met in hopes that it will give us better luck n more answers instead of doctors just brushing the issue off as flu or normal its not normal damn it
1,hola cosita bonita buenas noches fansawards mejorfandom cncowners pd no me hackearon mi cuenta soy yo siendo tiernita
1,about months ago the lumps in my neck started to get bigger and became really painful i ve had a cough for weeks now and now i ve got the sore throat and earache i ve also had constant headache could i have not got this altogether and be better now
1,dulu aku quite gemuk labelled lembut kat sek rendah time darjah aku couple dengan minah ni satu hari dia minta break kata macam macam pasal fizikal aku it was stressing me out till i lost nearly kgs that year i was dejected so deeply and i m scarred till today
1,take care of yourself that dc weather can be very cold we need you to be well get your flu and pneumonia vaccines we are so proud of you
1,the older i get the harder it is to genuinely believe any media attention will change a situation remember ebola still a thing farming for palm oil will unfortunately be a thing in years to come despite sharing media
1,of gaza s population are refugees beyond violence blockade and poverty the water crisis is a ticking timebomb palestine refugee children suffer from diarrhea kidney disease stunted growth and impaired iq and this crisis is completely manmade
1,silent child autism dad you cannot compare having the flu which can be a deadly disease to something people consider a part of who they are they may both be medical conditions but so is organ failure and i think we can both agree that simply being medical conditions doesn t make them comparable
1,amazing isn t it the people who work for him need to group together and tell him he needs to leave i don t understand why we re wasting time on problems we solved a century ago fda ehealth
0,sebelum menghukum seseorang pastikan dahulu latar belakang personaliti persekitaran tahap pendidikan keupayaan fizikal jadilah warganegara yang bijaksana speak good or remain silent positivevibes spreadlovepositivity
1,wondering why would the hospital or doctor that kimporter saw not admit her into hospital especially if she s been having flu like symptoms for weeks i honestly believe that they dropped the ball on her medical condition and treatment read that she also told doctor yesterday
1,u eu n o sabia que desmentir uma not cia falsa era motivo de raiva detalhe vc al m de um reporterzinho fraco ainda n o admite as falhas pois se vc confundiu apenas os times ent o quer dizer que vc continua desinformado pois di t cnico do
1,the good news is i m more sober now he said jokingly trying to ease the tension baekhyun looked over at the other and grinned cheekily though i may get a headache next morning
1,cold flu therapy essential oil for flu for colds booster shot get well soon aromatherapy ready to use travel roll on rollerball etsywholesale veganbeauty subscriptionbox crueltyfreebeauty orglamix
1,i like how she was going to lie to see her grandkids rather than get the flu vaccine at very least be honest and accept the consequences
0,and furthermore my guess is these i woulda laughed folks would in reality be pushing children and elderly out the way whilst diarrhea shoots out their drawers
0,i imagine her thought process being something like this only students reported headaches lol that s nothing they ll go to school they ll be fine ill just stay in my office with purified non smoky air where i stay healthy which is all that matter
1,ferrari pillsandblades cns medic tada rn lynn rn if i know gutsy i ve started lines on seth when he had a gi bug and we draw each others blood a couple of times a year flu shots and the like but i don t think i could put an angiocath in my own arm
1,all of new york city and new jersey is under snow with many problems the governor phil murphy and mayor bill de blasio didn t not know how to prepare their residents well so they could of moved from one place to another this winter will be a headache for all of us
1,what more must we do to cancel classes absolutely absurd students report leaving with painful headaches and sore throats due to smoke inhalation other schools are concerned about their students safety more than cuhsd others i don t agree with this
1,mazzika
1,indoor track athletes don t miss this great clinic deadline to register is nov limited space
0,urgirl he doesn t know the meaning of democracy that day he be will running after one senator to block him before he knows it election is gone
1,st time waking up to a banging headache everything needs to be quiet even the fridge is being too noisy i should also point out no alcohol was involved in the making of this headache
1,just in time for flu season and made this video explaining the virus and the work being done to defeat it once and for all
1,and i got a really bad grade because of it and i won t be able to go to burn the stage sooooo life is amazing jk i want to die i ve been maintaining at for the past week and now i m on my period so it s going up and i have a constant headache and hate school hhha
1,aroloye there is a difference btw risk and sinking a country into recession bec u want to attract foreign investors pls how does that work bec e b like u understand that economic principle
1,here s a useful primer on how to deal with prep side effects while they last and if at all they usually last a few weeks for headaches people are allowed painkillers for nausea and or diarrhoea taking it with a meal or soon after has been helpful
1,every year at this time flu jabs are given to patients over the nhs has all our health records so they know exactly how old people are where they live and what gp looks after them yet they failed to order enough flu jabs stupidity and laziness
1,lsi jadi lingkaran seran indonesia dong ya kok denny bisa jadi kebolak balik ya duit berkuasa sehingga kecerdasan hilang
1,i never get the flu shot and never get the flu i trust in the results not any person s talking points or titles they use to validate the people i know who get the worst flu each year also happen to be the people who seem to rush to get the flu shot when they become available
1,winter weather advisory in effect until a m for much of our area wintry precipitation ill timed for the morning commute may make for driving headaches prepare accordingly updates live to
1,a combination of acupuncture physio stretching may help to ease psychosomatic pain improve quality of life suggests a small comparative study of people with tension type headache relieving psychosomatic pain the chartered society of physiotherapy
1,there s going to be a study for a treatment for fibromyalgia how fucking exciting is that first you need to be tested days after flu shot fibro has destroyed my life fibromyalgia fibromyalgiacure fuckfibromyalgia endfibromyalgia
1,daftar dan gabung di amanbet agen taruhan bola terlengkap dan terpercaya sportsboook sbobet maxbet bet bluebet sport cbet tbsbet igkbet raih promo bonus special dari kami check agenbolaterpercaya gamebolaonline
1,when it s am you have a headache and all you want is to go to sleep but your brain is flying through scenes for your novel writerslife writerproblems nanowrimo projectvoodoo
1,muhatap almak bile zul kafan al m yorsa git taksimde kafam al m yor diye ba r veya doktorluk idealize et niye beni ugra t r yorsun i nsan fkesini k msemesini tasarruflu kullanmak zorunda b rak yorsunuz neyse daha cevap vermiycem son olarak
1,i haven t tried a more professionally made ico project i m extremely impressed by the inventive approach of the team muzika mzk muzikanetwork muzikaico blockchain ico ethereum crypto official
1,ebola in the requires a combination of medical economic diplomatic and miltary actors humanitarian workers doing such things as contact tracing need protection cover remember zaida catalan and michael sharp
1,flu artlar n olgunla mas n m beklemi yok nceden b yle sonradan b yle ise nceki ayet yok h km ndedir as l olan g s zken bar c l l yken tehditkar tavsiye edilmesi kolay a klan r bir durumde il
1,just in time for flu season and made this video explaining the virus and the work being done to defeat it once and for all
1,do you want to be free from your irritating repeated back pain neck pain and headache tony parker is the man for you call for more info localbusiness
1,tchutchuca treme o bumbum treme treme treme tchutchuca treme treme o bumbum dando uma reboladinhaa e vai descendo com o dedinho na boquinhaaa agr sobe com a m o na cinturinhaa levante o p d uma rodadinha
1,mystyleisrastyle lazmaibambe rastyleke np diamonds i need a roof log on rastyle radio muzikalsheriff reggaedesciples reggae reggaemusic kenya tune in lazmaibambe
1,como pille al que invent la p gina esa de tu sistema windows est infectado con el ebola sida peste negra y el ritmo ratatanga ninoninoninoooo le har pagar con sangre los infartos que llevo
1,over protect yourself this winter get your flu jab public health team has set up a hotline for anyone who s having problems getting their jab there is no shortage the next delivery is on its way call mon fri pm flufighters
1,timothy for the love of money is a root of all kinds of evil some people eager for money have wandered from the faith and pierced themselves with many griefs they say a lot of things they are usually misrepresenting
1,today was such a bless day through all the headaches and stress came a beautiful community that supports and love me poodle gang i truly adore you all from the bottom of my heart thank you for a great stream today
1,people with long term health conditions should have the free flu jab speak to your gp or pharmacist to check if you are eligible today
1,shots suck but they re so important to herd immunity and the flu season is forecast to be bad this year your arm is probably gonna be sore for a few days that s normal i always go for my non dominant arm for just that reason
1,k sa bir ara sonras m zikal yolculu umdaki de i imin ilk meyvesini yay nlam bulunmaktay m asl nda i ime sinen bir g rsel olu turamad m i in bir s redir kenarda bekleyen bir
1,nampak tak kalau niat tu betul tapi fizikal kita taknak buat mesti ada something good yang dorang kita untuk buat jugak tak banyak sikit pun dah nice
1,eu okay eu vou prestar aten o na aula tentar entender o professor infantilidade minha pegar birra dele professor a eu t vendo n o d pra prestar aten o nesse animal did tica lixo do caralho inventou o teleporte r a viagem no tempo mas n o sabe dar aula mec flu rs
1,it could save their life take your kids for their flu shots these are sobering statistics and get your flu shot too
1,um timo goleiro mas s reclama como joga em time falido deve ser barato vai l ele pode ser um bom reserva pro santos esse post cont m ironia goleiro do flu reclama de arbitragem e manda entregar a ta a ao palmeiras
1,why don t you do state wide legislation for up to date voter counting equipment everything done the exact same way and speed no surprises you make sure it this headache doesn t happen again
0,fuente jerry dec a que teamloco no tiene sentido y que estaba destinada al fracaso cosa cierta fue una tremenda estafa y dum y sus lamebolas se la pasaban molestandolo en directos da gracia porque doom dijo que jerry no ten a las bolas para defender sus ideas en un directo cosa
1,nva politiek staat voor u dan gelijk aan theo francken en nva gezien uw oorspronkelijke tweet
1,neck pain or headaches myofascial release of the temporalis muscle the temporalis muscle originates at the temporal bone and inserts at the coronoid process of the mandible it is a
1,yes i know this kind of people they talk without anything to say cant you wear headphones or say sorry can t you stop i m having headache might turn into migraine
0,choice of words verbal diarrhea is indeed fantastic read s i do agree with you his way of shouting journalism get out attitude other panelists scant respect for aaghama vidhighal of hindus supporting trupti r surely going take him his doomstay in da long run
1,gata maravilhosa que rebolado dancagatinha ativem as notifica es comentem favoritem se gostou de rt rt rt rt rt e ajudem a divulgar nosso blog
1,headache lower abdominal pain excessive burping like wajud maihap ikapila na sig burped and stomach ulcer tiguwang na kay nanay gipamati
1,turn away from the screen and look around your eyes have muscles that want to move a fixed short distance stare for hours is tiring don t know if the tired eye muscles make headaches but might you can do eye calisthenics by rolling them and looking up down side to side
1,headache
1,definir grupos olhar al m da ideia ilus ria de meritocracia que n o existe e enxergar que determinados grupos precisam sem d vida de mais assist ncia pra que consigam chegar onde pessoas privilegiadas est o isso oferecer igualdade n o ficar fingindo q trans n o existem
1,raste pi t ikandina p ta p t n xw ya nekir derketin hol ez dikarim b jim wexta p tperesande hevqas komkoj ku tin neb n ji bo p t xwe kes kes nediku t l aniha dem n oladariyede ku tina nsana wek ku tina k zika b
1,mary seabass army maga ki mlp that s for depression and can cause headaches fortunatly i don t suffer from depression
1,primeros d as con tres subida de gasolina transportistas a paro estudiantes a paro econom a inviable con todo y enanitos no se chicos la administraci n la veo m s grave que la ropita de diciembre paralebola
1,buenviernes he terminado la primera pokebola grande elige el material de la misma color cantidad de plantas color de las piedras y tus dos pokemones favoritos confecciono a pedido en promoci n solo a hasta el s bado de noviembre eljard ndemuchi
1,ff ebooks m elms
1,independente do momento que estamos passando quem tricolor de verdade n o desisti da luta acreditei em que era quase imposs vel porque n o acreditar onde temos chances reais de passar partiufinal
1,i choose the flu shot to stay healthy and active through the winter entered to win flucrew prize pack inc a gift card from canwin ad thislilpiglet net flu prevention tips
1,digre kicking off ahs az lots of ahs effort toward headache education and advocacy talking about what s new in migraine
1,me mom i have a headache mom s brain don t say it don t say it don t say it don t say it don t say it don t say it don t say it don t say it mom when you won t stop pressing your phone
1,in the week ending nov states reported sporadic influenza activity two states reported regional activity six states reported local flu activity and two states reported no activity according to the cdc s most recent fluview report
1,pompili h if graham biker kitchener sxlxp lemon garlic mint coffee honey cucumber colloidal silver chicken these are a few of my favourite things
1,if you or a family member are feeling unwell have a cold or flu and you haven t been prescribed antibiotics there are some effective self care ways to help you feel better visit to find out more keepantibioticsworking
1,so far this flu season central oklahoma reports nine flu related hospitalizations two of those were reported in pottawatomie county
1,ok widzialem p fotki adne kuszace czy te pobudzajace wyobraznie chociaz dla mnie sa one po prostu glownie sliczne i estetyczne ale widzialem tez jakiegos mezczyzne a wiec jest chlopak nie ma pretensji za publikacje takich zdjec
0,
1,h if graham biker kitchener sxlxp i mean hydrogenation of oils to create trans fats is very problematic which is why i use margarines that are either trans fat free or have trans fats that are similar to the natural trans fat levels of butter i e smart balance and earth balance
1,when you yorkolderpeoplesassembly receive the flu jab do you expect to receive a small amount of flu so you body can build up resistance when flu does appear
1,pompili h if graham biker kitchener sxlxp some people s raison d etr is to very clumsily shame others in an attempt to make themselves look better because they believe deep down they don t have any qualities worth celebrating themselves and that s sad
1,there s so much skepticism about the flu vaccine but also people just don t believe the flu is actually dangerous as a pharmacist i ve seen it over and over most patients don t think it s any worse than the common cold so they re not compelled to prevent it
1,mechiyakirafiki mpira umemalizika kwenye dimba la azam complex chamazi azam fc inaondoka na ushindi wa mabao dhidi ya timu ya taifa ya vijana chini ya miaka ft azam fc
1,the story at kalunguta a person diagnosed with ebola fled into a no go zone clearly that didn t go well for the people who harbored this person the new probable cases added retrospectively today are from kalunguta there have been confirmed probable cases there
1,bridge of fraud from clinton s catastrophe cash in to generic ebola virus vaccine with david hawkins
1,a bo alidade e contagiosa pior e q a contamina o e r pida q o ebola veja em menos d anos j h milh es de bo ais
0,check out these ways to prevent the spread of flu and colds plus enter to win a gift card ad healthyliving fluprevention loblawsflucrew
1,don t know what the education system is turning to reading comments on fb always give me headache those ones commenting on nairaland and other yeye blogs are nothing to write home about asked a cousin her ambition she said i want to be a microbiology
1,ne izgleda mi kao taj tip po nacinu drzanja bi rekao da se vozika u sluzbenim kolima od vrata do vrata
1,os m dicos cubanos s o escravos no brasi e tb escravos qdo socorreram haiti e outros pa ses na passagem de furac es dos eua seriam tb escravos qdo combateram ebola na frica pq o conv nio q o brasil fez com cuba no governo dilma o mesmo que foi feito com eua no governo obama
1,pompili h if graham biker kitchener sxlxp simple economics
1,bi lo is giving away a free turkey with a free flu shot so i am about to drive around town to get free turkeys and be one of two things super immune to the flu super sick with the flu
1,mystyleisrastyle lazmaibambe rastyleke np web drop log on rastyle radio muzikalsheriff reggaedesciples reggae reggaemusic kenya tune in lazmaibambe
1,watch health ebola drc the ebola outbreak in the drc which has already killed hundreds of people could continue for several months that s the latest warning from a senior world health organization official
1,little ones spread infection fast and getting the flu can be really awful for them book your or year old into your gp surgery for their free nasal flu vaccination to protect them and the rest of the family
1,then i didn t reply his message until morning in the morning i was relapsed cause i had a flu there was a lot of blood along with the mucus i had headache i couldn t stand up properly i wanted text my friend but ended up texting him cause his chat was right below my friend
1,fasting blood test done now enjoying ice cold grape flavored water and resting so i can get rid of this headache
1,terrifying new african ebola outbreak yet politicians still witter on about climate threats real threats vs the phantom menace of agw
1,revivemyspine reviveinjuryandrehab chiropractic alignmyspine getanadjustment chiro back pains chiropractor headaches blackchiropractors naturalremedies nosurgery pantego doctor autoinjury autoaccident carwrecks painmanagement paintreatment natural
1,there have been over measles cases in the united states so far this year as outbreaks in ny and nj continue to grow whyivax
1,best thing about being a nurse is redirecting my hypochondria at my patients it actually makes me a better nurse abdo pain might not be gas but aortic dissection that painless sore on the year old syphillis of course a headache is subarachnoid hemorrhage ruralnurse
1,tipo o ano n o tem nada de importante no zika pq vc come ou o colegial e o pq vc t se formando o n o tem nada kk
1,training while sick i ll avoid it when it s explosive diarrhea because of sanitary reasons and fever except today i have a itty but of fever symptoms but also i m an idiot most importantly increase your calories slightly with more fruit and add a tbsp of real honey
1,question is why do you do it why would you not work with a migraine rather than go to the doctor and get an note saying that you have something far worse than a headache if you only had a migraine you should be working as it s not debilitating or can spread
1,i am inside the house and i still feel awful i have a headache itchy eyes stuffy nose i have been using an inhaler the past few days i am even keeping the cat indoors
1,were finally getting the smoke in fresno its white and hazy outside thinking of closing the schools because of air quality its giving me a bad headache luckily i have some mask left from japan
1,i support the flu shot and other ways to prevent the flu get yours at your nearest and enter to win a gift card in prizes canwin flucrew ad thislilpiglet net flu prevention tips
1,deep learning prerequisites linear regression in python deeplearning machinelearning datascience h tvp mzika
1,last year one family member didn t get the flu shot didn t really feel that sick when contracting it spread it to me immuno compromised person no one else in family contracted flu bc of vax i ended up in hospital plz get flu shot
1,this may be the most important life saving thread you ll ever read get your flu shot if you haven t already save a life
0,ebooks m elms
1,loved this episode thanks brain diarrhea inspiring to hear say about writing while still struggling i ve always felt a bit weird about giving tips if i m still struggling like i ve no authority if you know what i mean now i know it s ok
1,we d love to chat dm us with the specific name of the product you have it sounds like you might have either our tylenol cold flu severe or our tylenol extra strength products
0,health of course no one should get the flu shot especially pregnant mothers vaxxed cdcwhistleblower hhslawsuit in usaautism
1,after listening to your series operationinfektion i felt like i finally understood how fake information is fed to us how russia has been there all along and the absurd complexity that drives the process jessicahoagland literally hit the nail on the head with her drawing
0,not horrible my shoulder and neck are still pretty sore but my headache is for the most part going away i ve just been popping mad advil and probz will just drink about it tonight lmao
1,wait for the sassy trump version by on youtube it makes everything he says that teeny bit more bearable except then you have to find the original to compare
1,najbolja muzika sa naxi radija prizna u ti sve i za ta nisam kriv umesto mene nek drugi se bore moje telo predalo se
1,the influenza pandemic that killed at least million ppl most of them adults in the prime of life happened just years ago c is incredibly lucky to be alive i still had someone behind me when i got my flu shot that said its caused by a bad diet not a virus
1,been a rough start to the season had a cold headache etc two different times in the last weeks oh well get it done with now so i can be healthy for the rest of the winter
1,hdndke god yeah i feel like the da fandom was also big at the hight of the weird preformative social justice shitstorm thing that tumblr had going on i regret letting myself thing abt it again i have a headache
1,pompili h if graham biker kitchener that above is the cutest measles virus ever you re trying to make a case against elimination right
1,sometimes overdiagnosing is a bigger problem than the little anomaly you can see on some scan or lab exam the rule is if there s no symptoms there s no disease and some headaches and a fainting episode isn t reason enough to get a neurosurgery
1,so i have about churches surrounding my house and they all decided that for some reasons they will hold vigils with loud speakers today being friday its okay i m wide awake with headache i have hours to go then i can sleep i can do this
1,isso so veremos no dia da ro a mas o rafael n besta e nem nada ja ta fingindo p n ir p ro a mas creio que ela v de qualquer forma
1,truther skeptic wm owen souza cwn if mumzy biker moo marymason and epithelial cells have a few more functions than preventing measles in fac it would probably be quicker to list what they don t do
1,sometimes i overthink things too much that it gives me a headache but i forget to and i m blessed to know people that remind me to letgo and letgod not everything has a clear answer
1,and people that come in with the flu just put elderly people babies and other people who are there for actual emergencies at risk so sad
1,esse ng de segurar o xixi j rolou cmg e olha que era conv nio chorei na recep o minha m e eu tinha uns anos na poca teve que fazer im esc ndalo pra me atenderem
1,kttw
1,idade tatuagens exs piercings cigarros deus me dibre bebidas opa kde se casaria yes signo libra pergunta secreta pular de paraquedas acho zika me responda com eu e te envio perguntas e uma secreta
1,pare apenas para imaginar ouvir as high notes do yoon ao vivo ver o rostinho perfeito e a fofura do jinwoo apreciar seunghoon tomando um guaran rebolando muito ao som dos funk pesado ver o mino de pertinho cantando turn off the light everywhereinbrazil
1,treatment with vitamin a reduces morbidity and mortality in measles and all children with severe measles should be given vitamin a supplements whether or not they are thought to have a nutritional deficiency
1,cold and flu season presents a wide range of challenges there are a number of remedies you can try for these illnesses but these aren t without hazards of their own
1,cold and flu season presents a wide range of challenges there are a number of remedies you can try for these illnesses but these aren t without hazards of their own
1,how do you get rid of an extremely painful headache that has lasted for about two weeks i have tried many prescription and non prescription treatments the headache has become a lot worse i have tried all legal options
1,not quite sure why the pharmacy couldnt take my blue cross blue shield health insurance for the flu shot and turkey ended up going to walmart and didnt get a turkey
1,i do know of several encampments that were for sure provided masks by folks on the ground not the city but the air is still super shitty even with a mask on today i still got a headache
0,euuuuuuu sentada no bail o at pq n saio dessa cadeira pq ninguem ta rebolando a tava s eu l quicando e o pessoal nossa c dan a bem e eu fiquei com vergonha e sentei
0,you don t show up for work all the time you have headaches you disrespect fellow employees and supervisors you cry fake racism sexism and all the other ism s when you are held accountable for your behavior but no it s cause i m white
1,the words that come to mind while watching harris vomit diarrhea mucus and those are the nice ones she s almost up there with killary michael obumma peloser madmax and fiendstein such an outstanding group of women if you like gagging and roadkill
1,i caught a lbs walleye what s your biggest catch let know on stream i m live link in bio followforfollowback game moretocome twitch supportsmallstreamers playstation
1,meu deus minha prima odeia cebola e sempre que amos para casa da minha av ela pedia para ela n o colocar cebola no molho eu so ficava
1,i wonder if anyone feels the same level of disappointment as i do when they buy a coffee and it ends up being rubbish i feel such deep betrayal and usually hope the barista will be plagued with something like a mutant strain of ebola haemorrhoids
1,labad akong ulo last night then gi search ko talaga sa google anong treatment ng mild headache then sabi na close your eyes and rest its sign so kinalimutan ko na lahat gagawin ko natulog nalang akoooo
1,really struggling with hydration and eating habits this week i m going to have to make a really serious effort so i don t end the day with a massive headache like i did today between nausea and appetite suppression today i hardly ate a thing and didn t drink any water
1,i took the day off today to just rest the headache isn t gone but it s alot better the pain in my legs is still unbearable and i been feeling dizzy so i m enjoying lots of water and tv shows today
0,nooneelsebutyugyeomday
1,how are the state n central leaders silent on this time n again gjr has been a headache wether to defend him or to give complete exit he was the man of money after he being accused in mining scam bjp should have a clear stand on him or else there would be more pain
1,iamanita d kel wellman ever thanks glad to be on trump train
1,after a year and a half of living with lulu i got her to drink kefir to improve her gut flora as of recent she got her flu shot and i couldn t be more proud
1,of course when god had measles he looked like uwe growing up again god may the muellers be punished for burning someone who looked like thee
1,why dont you focus more on heping tge new despensation to up their game seems an easier job since they are organised or help obert gutu and the womens choir they can give u less headache
1,autonews maserati profit slide lack of new products is a headache for fiat chrysler ceo manley
1,a reminder that it is useless to have a vaccine if it cannot reach the populations here is an example of the awesome ebola vaccination team walking km in uganda imagine the issues when it is km with flooded unpractical road and that drugs have to be kept at c
1,the metformin hurts moving from mg to mg feels dramatic i m craving sugar so bad but im showing sign s of high blood sugar and im so hungry but ive got headaches and i feel so dry and like i should be crying
1,hardy i personally have never felt any side effects from juul besides severe chest pain withdrawals that make me want to sleep all day horrendous headaches and nausea cigs r loosers bruh
1,tadhg the whole flavour has changed and it now contains an artificial sweetener which your gut can t break down if you are a pku sufferer it will make you feel poorly on the same day if you start with a banging headache after consumption you know you re in trouble
1,np charlie chaplin singin the blues log on radio reggae reggaemusic kenya tune in lazmaibambe
1,i don t even know it s pm on saturday this all started with a pounding headache i ve had since monday and everything else has kinda just came from that my legs are shaking just to walk across my room for a tissue
1,enter the goatblackfriday raffle for your chance to win the most coveted sneakers and other prizes
1,this can t be ideal james having unreliable services can be real headache how about switching to sky we ve got some top deals on i d love to help you out why not drop me a pm back let s have a chat ka
1,tilda swinton n wes anderson n m zikal komedi t r ndeki yeni filminde rol alaca kesinle irken filmin oyuncu kadrosunda brad pitt ve natalie portman n da yer alaca konu uluyor
1,i got hungry because i was smelling the other food i had to take my eyes away from it the most unfair thing is the government knows families are going through hard times but they decide not to do anything about it john adebola samuel
1,np burning spear the cruise log on radio reggae reggaemusic kenya tune in lazmaibambe
1,brexit is now such a headache that the uk is uninvestable according to one of wall street s best respected research houses
1,hm sbnrnya ngaada si unek unek dr prinses buat admin cohere q syg ini ngaada ko min serius aq nga bohong inima intinya aq syg klean hehehehe beneran loh ini ga boonk pokonya ayaflu para admin
1,ya know what ya ll a peice of shit an a dumb fuck the cdc should be at the border too they carry diseases fuck you bitch arboviruses dengue chikungunya and zika viruses dengue chikungunya and
1,fight the flu this winter here are foods that can help beef turmeric salmon sweet potato garlic chicken soup leafy greens
1,spendin ottimo prendo atto che occorre rassegnarsi a terzomondizzazione privatizzazione del nostro ssn e anche se non potremo pi permetterci ad es una rmn saremo per obbligatoriamente coperti al dagli orecchioni che a sentire i media sono gravi quanto l ebola
1,dati everytime this migraine attacks ill just drink meds then sleep pero after ko nabasa yung namatay while sleeping with a headache natakot na ako
1,coldwar een muzikaal liefdesverhaal in het polen ten tijde van de koude oorlog regisseur pawloski werd op het filmfestival van cannes bekroond als beste regisseur vanaf december bij ons te zien
1,julie i think the weather people pretty much had this one nailed right down to the headache part the state is still lining up plowing contractors for the upcoming season
1,ada varian obat yaitu mixagrip flu untuk membantu meringankan menyembuhkan gejala flu mixagrip flu batuk untuk meringankan gejala gejala flu yg disertai dengan batuk sabtuceria kuy ah sob wahyu
1,patriciah hehehe whatever you re thinking of girl damn bootstrap na booty trap hazikaribiani hata i have laughed so hard goodness ati booty trap you re funny
1,brown orange chemical haze looms heavy no sky headaches and air masks cover weary heads don t breath hearts raw wishing for rain buttestrong campfire
1,retired hospital worker gives explosive flu shot speech before cdc adv via flu shots cause autism in children this is evil
1,sep yopp express koenji
1,niv nod hilber n ge edan r dirb n cuda xitim na hin n zikah kesan qeyran t k y n der n l ger n h v geng xwen kirin h v gellek ge edan del l geng iy n ec b b n sebeb ez nif nod carek din bi b r b nim p re j mi t geh n li jor l kirin da ku
1,rebolativa talvez sejam guerrilheiros cubanos disfar ados de m dicos explorados pela ditadura para implantarem chips controladores de mentes no br por determina o dos alien genas reptilianos climatistas globalizantes surgidos gra as ret rica de karl marx em suas obras do s culo xix
1,sigurna sam da svi ljudi ili bar oni muzikalni imaju neku pesmu na koju zapla u ili se bar rastu e kada je uju ja imam samo jednu takvu i uz nju uvek istu asocijaciju iz nekih sitnih godina ivota spavam mala i potpuno
1,for more than a week bay area residents have been battling headaches coughs scratchy throats and clogged sinuses brought on by a layer of unhealthy air draped over the region from the camp fire
1,just in time for flu season and made this video explaining the virus and the work being done to defeat it once and for all
1,just in time for flu season and made this video explaining the virus and the work being done to defeat it once and for all
1,brexit is now such a headache that the uk is uninvestable according to one of wall street s best respected research houses business insider
0,laripekenaa
0,literally a fucking total moron with diarrhea of his twitter keyboard i can t believe people are this fucking stupid and they were elected in
1,cramps headaches can t laugh can t sneeze trips to the bathroom endless amount of showers chocolate addict tears unexpected anger random emotional moments menstrual cycle
1,in fact is a headache to me and i think is not only the responsibility of the government we can all do our quota getabin to ensure clean ghana
1,rodolfo agradou dentro e fora de campo flu deve buscar uma renova o no empr stimo marcos felipe contrato at o fim de deve ficar como reserva ganhando mais oportunidades no carioca de amores nenhum jogo muitas les es n o renovaria pedro paulo o se renovar
1,bolu vall jlorenzo racing motor
1,vuk jov sri nije lan narodne stranke fora
1,triste ver como o flu se encontra hj est totalmente l a r g a d o passou quase todas era abad sem patroc nio a fornecedora caga pro clube n o existe nenhuma a o junto aos torcedores hj nem camisa esse ano teve a d vida s cresce nenhum ajuste fiscal preocupante
0,verdade e verdade tamb m seu pela saco da flu s cio que voc s venderam ele por pa ocas e ainda se acham no direito de falar algo pior corja
1,escolha a sua tabela de op es batata tradicional batata com cheddar cremoso batata com lingui a calabresa e cebola todas s o tamanho nico que uma quentinha m dia e tem a op o de colocar ketchup maionese mostarda molho mr jack queijo ralado e or gano
1,pobre est pida alcahueta del corrupto de martinez neira ud y sus socios de caracol son tambi n culpables de lo que es hoy este pa s un presidente payaso un fiscal de bolsillo de sarmiento a y un pa s manejado por un paraco gracias carebola
1,pompili h if graham biker kitchener sxlxp and they also contradict your frequent claims that most vaccine preventable diseases are no big deal and that diarrhea in childhood is no big deal
1,ch op programowal m odzie komunizmem i niech ci do zachodu sam czyta em i lubi em pana samochodzika zainteresowa mnie historia nie zaindoktrynowal mnie bo a g wny bohater chocia wykszta cony i kompetentny by biedny b to ju by y lata te
1,new diseases including a form of polio that will cripple our children if not kill them a new dengue fever similar to ebola which is hemorrhagic incurable tuberculosis cost analysis million illegals living here is billion a year the mill really here it s
1,quando eu t de boa e do nada vem na minha mente onde as novinha rebola e desce ate o ch o trem bala trem bala kkkkkkkkkkkk
1,morrendo de saudades do seu videos dan ando eu entro no insta vc esta rebolando maravilhosamente essa raba linda kkkkkkkkkkkk
1,pompili h if graham biker kitchener i m guess that you were one of the docs that missed the truth about vaccines by world doctors student teacher principal canucks oilers seahawks raiders veteran patriot prepper soldier sargent ubc sfu bcit langara bitcoin xrp
1,lovers pompili h if graham biker kitchener you need to get your winorhythms tested
1,lovers pompili h if graham biker kitchener why are you leaving out thunderbird
1,detalles en crochet arrebolada sudadera sweatshirt patterndesign neoprene picoftheday flowers lovely women crocheting en vila spain
1,migraine relief minute self hypnosis guided meditation mp download for headache relief hypnotherapy download for migraine pain via migrainerelief selfhypnosis guidedmeditations
0,scientist working on gov t ebola drug joked about culling population with gmo virus by truthstream media
1,scene the boys are playing in the playroom nathan so we re building this castle me oh cool what are you calling it nathan diarrhea castle spencer yeah it s diarrhea castle me guys no
1,i was going to finish reading this scifi novel but my headache from yesterday evening is still lingering and i can t read scifi with headaches so a different book it is
1,so what happens when the inevitable emotions feelings mature in ai and your computer tells you not to power it off because he she gets a headache
1,yes thank you but that s mainly because i flew to seattle yesterday to see my bf for the holidays haha the air is really terrible i ve had major persistent headaches all of the past week from the smoke even with the proper masks
1,bedtime for me i ve had a headache for hours now and today it s got gradually worse and worse i can t shit it and i may cry if i wake up with it in the morning
1,cool project with a great idea the project is doomed to success dedicated team of professionals works every day on improving project well done muzika mzk muzikanetwork muzikaico blockchain ico ethereum crypto
0,lovers pompili h if graham biker worst attempted insult ever
1,oh wow is trying to maintain relevance by slamming something a lot of people love you re pathetic just because you spend your free time spouting verbal diarrhea and blaming the world for your shortcomings doesn t mean you have to project on other people
1,headaches fatigue poor digestion better posture may help here s easy ways to get your spine back on track nutrition health fitness food
1,straining nhs resources also includes manic drug prescriptions with micro time allowed to see a patient not forget flu pandemics when not exist and bring required to prescribe drugs or be struck off register let s not forget conservative government with evil policies that kill
1,czyta em dla mnie wa niejsze by oby ycie tych mln ludzi ni tzw honor rydz smigly guzika od munduru nie chcia odda a wyda polak w na rze a ca e pa stwo na zatracenie
1,ay lpm chau estoy llorando te amo
1,my doctor told me this medicine will make you have pimples dry skin headaches irritability abdominal discomfort etc etc i m scared huhu is there any other option
0,ay no mames nany y anitto ahre chau
1,i m sorry to hear that i hope her headache goes away that s great driving me crazy like always that s what he always likes to do
1,sixteen ebola who staff evacuated amid dr congo clashes it was in exchanges of fire that the house was hit by a shell michel yao who s co ordinator for ebola response operations in beni told afp
1,ta passando vergonha vei kkkk olha os t tulos do flamengo e os do vascaio bostafogo e fluflu kkkkkk n tem nem compara o ta nervosa sai da net precisa falar merda n kkkkkj
1,lovers h if graham biker kitchener neither did i but i ve also never seen a kid have an anaphylactic reaction from peanuts therefore it never happens
1,luna butterflyjessi lol i bet you kiss girls faggot lol
1,i ve made it three years without getting the thanksgiving curse somehow getting the stomach flu after thanksgiving dinner but rn i m not feeling too great
1,pompili h if graham biker kitchener sxlxp interestingly antivaxxers refer to themselves as being antivaxxers no sense in denying it
1,jajaaja iralaaaaa no pierdes tiempo mary jaja ahre te crea ya voy jaja teamcnco dabemebestfandoms
1,pompili h if graham biker kitchener sxlxp haha one day perhaps
1,yeni m z ka repertuar sarkilar ndan biri mi bu nihayet aram zda bi mizikaci oldu ayy ok mutluyum acicam simdi dinlerken uyurum miss
1,came home for thanksgiving break and immediately went over to the neighbors house for a quick second hours later i walk out having received a cheese plate a bowl of candy and a flu shot
1,i get the flu shot to protect my friends and family over the winter and entered to win a gift card in prizes flucrew ad thislilpiglet net flu prevention tips
1,pompili lovers h if graham biker kitchener it does not
1,with cold hands with internal burning hello n fever faint burning heat with dry skin cold hands and feet thuja fever headache coldness of hands and tip of nose cedr fever with congestion of head
1,i can t see myself ever eating a flower unless i m stranded dying of starvation but don t come after my flu shots mr they work
1,pompili lovers h if graham biker kitchener those studies in no way diminish the risk of allergies by way of proteins with aluminum adjuvant injected into the muscle of infants shocking that you don t understand route of intake along with role of aluminum adjuvant we ll keep working with you though
1,h pompili if graham biker kitchener sxlxp santa cruz
1,the greatest sport in the world mma any given night johnnywalker take to many shots and everyone goes down and wakes up with a headache or in this case brain damage long term exposure is deadly lhw contender out of nowhere wait he s brazilian is this ufc create a fighter
1,esta es mi lista s guenos por favor
1,just in time for flu season and made this video explaining the virus and the work being done to defeat it once and for all
1,jom datang ke ekspresi muzika pada december dengan tiket harga rm sahaja boleh dapat simcard tune talk free dengan kupon mcd
1,tava conversando com uma professora que na bio adora ir pra um baile funk adora ir pra tuka ser que ela d uma rebolada educativa ou vai at o ch o ensinando a tabuada
1,good morning to you all amber i didn t expect you too hope you had a nice evening that big hug helped thanks amber arthritis is playing up and had the stronger flu jab hope you have some nice dry walks today
1,flu okuyan okusun kimsenin bi ey dedigi yok arap a ezan ile arabla may kabul etmiyoruz birtek t rk e okunsa ezan allah bize k zacak m k zmaz nk o her eyi bilendir
1,r lovers pompili h if graham biker kitchener
1,rebolativa n acho o programa perfeito n esse sal rio pra medico n atrativo por outro lado o estado tb n pode pagar mil p todos eles problema grave vc q d rea d sa de sabe melhor dq eu s acho q alguma coisa tem q ser feita mesmo q ou so pra colocar m dico por a
1,t olsen wickenhofer nah i have sped on occasion in fact i got tickets in years both for mph over and i paid for my crime without complaint fortunately age has brought about a bit of wisdom and it s not worth the money and the headache to speed and get a ticket to save a few minutes
1,going to make a series titled doctors do it too in which a bunch of medical professionals use webmd diagnose ourselves w cancer every time we get a headache
1,pagpupuyat may lead to headache pagdami ng pimples wtf i regret talking to some people till midnight i could ve just sleep that time uwu
1,una disculpa mis lindas amigas de que no estoy dormida con la medicina para el dolor estoy despierta con un dolor infernal que vida las extra o un buen pero estoy cansada horrores aqu les dejo unos votos
1,pendolenie kotka za pomoc m otka profesorka b d cego wyznawc poyebanej teorii dziej w kiedy delegowanego przez po zsl do gusu
1,so often i wish i could just take a stay cation i long for a week of freedom to do whatever i want write when i feel like it and take on small projects that seem to build up over time i just want to be at home with no pressure and no guilt and yes i have the flu actually
1,mana tak marah waktu period when literally your internal wall of your uterus is shedding itself away making you bleed pools of blood add on with the pms headaches backaches then guys come up and say this lagi makes you want to punch a whole fucking wall smh
0,np teargas girl you are distinct log on radio reggae reggaemusic kenya tune in lazmaibambe
1,bahia x segunda p gina paran pts america pts falta jg chape pts vit ria pts cear pts sport pts vasco pts flu pt falta jg cor pts bota pts
1,pompili h if graham biker kitchener sxlxp why not protein as well as carbs and butter
1,or ek bt or bhul gayi ap jahil kabi b jahalat se bahar nahi nikal saktey or choro ka zikar karna to ap bhul gayi ho chor kabi chori nahi chorh sakta
1,in case yall thought i was dead i m poppin and alive from the amount of yutagraphy we re getting today i m discharged and resting at home just somehow caught a sore throat and flu that s all i guess no liho koi gongcha for week again
1,i am really confused about flu vaccines it is under my plan to do a comprehensive research on the ground because people are confused if this vaccine is useful or just waste of money
1,thank you for including me with these great patriots
1,buy fresh buy organic buy clean made at providence farms a must to keep around this cold and flu season love these guys
1,os caras desenvolveram vacinas contra a aids e c ncer eles tamb m curaram surto de ebola na frica o pa s deles refer ncia mundial em sa de l o ensino da medicina muito orgulhoso em saber que ajudei a bancar a terr vel ditadura comunista cubana
1,lambebolakuy wus wus wus ternyata dikabarkan lambebolakuy dan mengidap penyakit gangguan kejiwaan trusss bagaimana dengan keadaan mereka nantikan lambe an bolakuy terciniii
1,ik zit tvoh terug te kijken van afgelopen vrijdag n de week daarvoor is het misschien een idee om de naam te veranderen naar the voice of amsterdam mooi ook hoe anouk een lach niet kan onderdrukken als lil kleine de kandidaten zijn muzikale analyse laat horen
1,meo ldn lucasxo you lots lifestyle is giving me an headache i need to find people on my bottom tier level bye
1,icymi it s flu season we summarize key points of latest guidance including vaccine timing cdc acog pregnancy recommendations link to current tables on age appropriate formulations influenza publichealth meded
1,when adults walk in the room to save america from tyranny russia interference in our elections yemen palestine iseral issue saudi arabians flying planes murdering journalists russian dignitaries missing chinese dignitaries missing congo war ebola outbreak mass murder
1,just watched s recent weekly stopping wow i cried twice i love her i understand exactly how she feels rn and it hit me hard if we had a tummy bug or flu or even a cold we stop take time to get better why don t we do that for mental health
1,bom dia galera o card pio de hoje no disk marmitex sabor caseiro arroz feij o macarronada costela minga na cebola e na press o op o bisteca su na frango
1,ughh goodnight ill be updating the au maybe later or tommorow my tired ass wants to sleep now im sorry headache sucks
1,just in time for flu season and made this video explaining the virus and the work being done to defeat it once and for all
0,cigalo ez sans valero i
1,the sun ex arsenal boss arsene wenger opens up on his eternal battle with coat zip arsene wenger has revealed one of the biggest headaches during his time at arsenal his coat zip during the winter months of his year
1,we have funded the challengers for sen collins we can do the same to the white guys rice fudge spanberger etc go fund here we go i will donate primary then
1,rt so proud of my neurology resident raquel fonseca on her frontiers of headache research scholarship to ahs az thanks for supporting meded and the future of migraine and cluster care
1,da objasnim profesorki da sam ja tada glasao za slobu imao sve zdrave zube govorio dva jezika i vise proputovao i procitao knjiga od nje svi vi koji druge etiketirate i pokusavate da svoju velicinu dokazete tako sto ce druge da ponizavate ste kurac od ovce kakva crna elita
1,will the of your total cucumber produce pay electricity bills in the church or you want to give the church another headache the church should go sell the cucumbers where do you see that this days
1,e t xpress
1,current squad and manager finished above both klopp and poch last szn or are we moaning about this one that is yet to finish pep would resign if he had this headache check his press conferences in his debut szn carry on smartly tho lol
1,consider this yoons is frustrated because he needs to finish this dong but he cant with this damn headache in comes g o k i dont know whats dong buut ahhhdodjd yes plseaese
1,umm yea i thought about it before it s not worth even more of the headaches and stress that i already go through unfortunately i d be digging my own grave with that one
1,it is generally classified as an event fulfilling the conditions of migraine with aura with no or minimal headache it is sometimes distinguished from visual only migraine aura without headache also called ocular migraine wikipedia
1,curmudgeon me
1,joel siguenos yo pip
1,winging of the shoulder blade scapula and rounded shoulder protraction is very common these days with one of the main types of occupations being office based this can result in headaches even shoulderpain hippain even achilles pain due to side compensations posture
1,over get your free flu jab from your gp or local pharmacy get yours so you can protect yourself and your friends from the flu this winter helpushelpyou sandwell westbirmingham find out more here
1,im going to sound stupid here but what is the difference between a migraine and a bad headache ive never had one to my knowledge so dont know
1,but why is the virus so easily caught and is it still prevalent are we carriers even with the vaccination the common cold has no vaccine so it still persists the flu shots only strengthen our systems against strains i had cpox as infant therefore i wasn t vaccinated
1,ban pain meds just wait until ur time comes it will everyday w a pain that is more intense than u ever thought possible that will never go away these ppl need these to function work raise kids sleep look at it as if u got the flu it never left now go try to function smh
1,i choose the flu shot to stay healthy and active through the winter entered to win flucrew prize pack inc a gift card from canwin ad thislilpiglet net flu prevention tips
0,no es nada mi nadi y gracias pero el ya me sigueeeee enserio quero que te siga a ti teamcnco dabemebestfandoms
1,watch tonight pm premiere documentary series rebelwithoutacrew w scarletmoreno about
1,first look up vaccination schedules for infants compare it to one from years ago second look up gardasil female hpv and merck pharma s efforts to make every us schoolgirl get it last compare world deaths from diarrhea vs measles then you tell me what s up
1,xtiian yo por favor
0,jornada divisi n de honor juvenil grupo vii la beneficiencia final del partido
1,the filming for the worcester mtl stream is already giving me a headache and the game has been on for like minutes i swear to god someone s holding like a handheld camcorder from
1,tongola reggaesplash
1,almost all neurologists will classify persistent headache pain as migraines if they occur a certain amount of times a month and are accompanied by other symptoms i m fighting this now migraines have specific causation and meds only work on those causes they don t work for me
